date,granularidad,geocode,gcd_isla,gcd_gcomarca,gcd_comarca,poblacion,poblacion_edad_media,poblacion_hombres,poblacion_mujeres,poblacion_indice_feminidad,poblacion_nacional,poblacion_extranjera,poblacion_extranjera_pc,poblacion_00a14,poblacion_15a64,poblacion_65mas,poblacion_65a74,poblacion_75a84,poblacion_85mas,poblacion_00a14_pc,poblacion_15a64_pc,poblacion_65mas_pc,poblacion_indice_dependencia,poblacion_indice_dependencia_mayores,poblacion_indice_dependencia_menores,poblacion_indice_vejez,poblacion_indice_juventud,poblacion_indice_sobreenvejecimiento,poblacion_indice_ancianidad,superficie,poblacion_ds,poblacion_extranjera_ds,poblacion_00a02,poblacion_03a05,poblacion_06a11,poblacion_12a15,poblacion_16a17,poblacion_00a17,poblacion_nacida_canarias,poblacion_nacida_es_xcanarias,poblacion_nacida_extranjero,poblacion_nacida_canarias_pc,poblacion_nacida_es_xcanarias_pc,poblacion_nacida_extranjero_pc
2001-01-01,MUNICIPIO,35010,ES708,ES708A0,ES708A02,4285,39.5,2226,2059,92.5,3782,503,11.74,676,2921,688,413,190,85,15.78,68.17,16.06,46.7,23.55,23.14,101.78,98.26,12.35,27.62,14565.3,29.42,3.45,132,136,273,182,74,797,3328,415,542,77.67,9.68,12.65
2001-01-01,MUNICIPIO,35011,ES705,ES705A3,ES705A32,25237,34.2,12822,12415,96.83,24774,463,1.83,4701,18241,2295,1495,597,203,18.63,72.28,9.09,38.35,12.58,25.77,48.82,204.84,8.85,26.01,3908.81,645.64,11.85,816,874,1941,1449,753,5833,23870,711,656,94.58,2.82,2.6
2001-01-01,MUNICIPIO,35012,ES705,ES705A3,ES705A31,14321,34.9,7554,6767,89.58,11255,3066,21.41,2576,10559,1186,790,288,108,17.99,73.73,8.28,35.63,11.23,24.4,46.04,217.2,9.11,24.28,17142,83.54,17.89,435,466,1123,728,345,3097,9382,1645,3294,65.51,11.49,23
2001-01-01,MUNICIPIO,35013,ES705,ES705A2,ES705A22,8594,39.8,4344,4250,97.84,8554,40,0.47,1209,5989,1396,856,387,153,14.07,69.69,16.24,43.5,23.31,20.19,115.47,86.6,10.96,27.72,3220.46,266.86,1.24,76,259,560,413,199,1507,8338,157,99,97.02,1.83,1.15
2001-01-01,MUNICIPIO,35014,ES704,ES704A0,ES704A02,11376,32.9,6144,5232,85.16,9502,1874,16.47,1987,8703,686,445,172,69,17.47,76.5,6.03,30.71,7.88,22.83,34.52,289.65,10.06,25.07,35533.4,32.01,5.27,322,421,871,512,279,2405,5972,3220,2184,52.5,28.31,19.2
2001-01-01,MUNICIPIO,35015,ES704,ES704A0,ES704A03,14629,31.6,8465,6164,72.82,12107,2522,17.24,2136,12026,467,309,108,50,14.6,82.21,3.19,21.64,3.88,17.76,21.86,457.39,10.71,23.13,38493.8,38,6.55,436,424,847,543,268,2518,5709,6051,2869,39.03,41.36,19.61
2001-01-01,MUNICIPIO,35016,ES705,ES705A1,ES705A10,364777,37.5,178594,186183,104.25,350412,14365,3.94,56250,262235,46292,28429,13615,4248,15.42,71.89,12.69,39.1,17.65,21.45,82.3,121.51,9.18,29.41,10331.6,3530.69,139.04,10334,9967,22597,18022,9716,70636,305959,36948,21870,83.88,10.13,6
2001-01-01,MUNICIPIO,35017,ES704,ES704A0,ES704A02,23068,32.3,12151,10917,89.84,22089,979,4.24,4433,17104,1531,909,479,143,19.22,74.15,6.64,34.87,8.95,25.92,34.54,289.55,9.34,31.29,29077.1,79.33,3.37,822,871,1794,1276,705,5468,15698,5898,1472,68.05,25.57,6.38
2001-01-01,MUNICIPIO,35018,ES708,ES708A0,ES708A01,14835,32.5,7676,7159,93.26,13494,1341,9.04,2773,11240,822,485,239,98,18.69,75.77,5.54,31.98,7.31,24.67,29.64,337.35,11.92,29.08,4076.11,363.95,32.9,483,566,1185,733,384,3351,8728,4405,1702,58.83,29.69,11.47
2001-01-01,MUNICIPIO,35019,ES705,ES705A3,ES705A31,40825,35.3,21219,19606,92.4,32865,7960,19.5,6571,31187,3067,2022,795,250,16.1,76.39,7.51,30.9,9.83,21.07,46.67,214.25,8.15,25.92,33241.9,122.81,23.95,602,1207,3131,2189,1162,8291,26921,5086,8818,65.94,12.46,21.6
2001-01-01,MUNICIPIO,35030,ES704,ES704A0,ES704A03,10560,32.5,5644,4916,87.1,9945,615,5.82,2106,7649,805,504,223,78,19.94,72.43,7.62,38.06,10.52,27.53,38.22,261.61,9.69,27.7,27629.8,38.22,2.23,424,423,846,537,317,2547,7464,2351,745,70.68,22.26,7.05
2001-01-01,MUNICIPIO,35031,ES705,ES705A2,ES705A21,8139,35.1,4188,3951,94.34,8000,139,1.71,1518,5795,826,511,240,75,18.65,71.2,10.15,40.45,14.25,26.19,54.41,183.78,9.08,29.06,3880.13,209.76,3.58,260,292,638,440,212,1842,7719,219,201,94.84,2.69,2.47
2001-01-01,MUNICIPIO,35032,ES705,ES705A2,ES705A21,4024,40.7,2076,1948,93.83,3992,32,0.8,534,2805,685,421,191,73,13.27,69.71,17.02,43.46,24.42,19.04,128.28,77.96,10.66,27.88,2212.89,181.84,1.45,89,91,217,185,95,677,3864,67,93,96.02,1.67,2.31
2001-01-01,MUNICIPIO,35033,ES705,ES705A2,ES705A21,7406,37.7,3851,3555,92.31,7381,25,0.34,1339,5035,1032,596,316,120,18.08,67.99,13.93,47.09,20.5,26.59,77.07,129.75,11.63,30.62,3821.39,193.8,0.65,169,313,615,299,147,1543,7199,133,74,97.2,1.8,1
2001-01-01,MUNICIPIO,35034,ES708,ES708A0,ES708A03,6358,34.1,3641,2717,74.62,5331,1027,16.15,794,5184,380,259,94,27,12.49,81.54,5.98,22.65,7.33,15.32,47.86,208.95,7.11,24.74,21209.4,29.98,4.84,146,155,316,226,120,963,2690,2526,1142,42.31,39.73,17.96
2002-01-01,MUNICIPIO,35010,ES708,ES708A0,ES708A02,4551,39.6,2367,2184,92.27,3948,603,13.25,720,3112,719,422,208,89,15.82,68.38,15.8,46.24,23.1,23.14,99.86,100.14,12.38,28.93,14565.3,31.25,4.14,127,158,281,190,87,843,3460,442,649,76.03,9.71,14.26
2002-01-01,MUNICIPIO,35011,ES705,ES705A3,ES705A32,25681,34.5,13052,12629,96.76,25032,649,2.53,4708,18595,2378,1552,621,205,18.33,72.41,9.26,38.11,12.79,25.32,50.51,197.98,8.62,26.11,3908.81,657,16.6,854,847,1886,1462,766,5815,24084,759,838,93.78,2.96,3.26
2002-01-01,MUNICIPIO,35012,ES705,ES705A3,ES705A31,15395,35.4,8156,7239,88.76,11335,4060,26.37,2693,11363,1339,909,322,108,17.49,73.81,8.7,35.48,11.78,23.7,49.72,201.12,8.07,24.05,17142,89.81,23.68,503,472,1144,768,346,3233,9476,1637,4282,61.55,10.63,27.81
2002-01-01,MUNICIPIO,35013,ES705,ES705A2,ES705A22,8435,40.6,4269,4166,97.59,8396,39,0.46,1111,5891,1433,879,405,149,13.17,69.84,16.99,43.18,24.33,18.86,128.98,77.53,10.4,28.26,3220.46,261.92,1.21,34,220,540,416,182,1392,8192,146,97,97.12,1.73,1.15
2002-01-01,MUNICIPIO,35014,ES704,ES704A0,ES704A02,13026,32.9,6984,6042,86.51,10303,2723,20.9,2224,10061,741,486,187,68,17.07,77.24,5.69,29.47,7.37,22.11,33.32,300.13,9.18,25.24,35533.4,36.66,7.66,408,463,916,572,290,2649,6258,3743,3025,48.04,28.73,23.22
2002-01-01,MUNICIPIO,35015,ES704,ES704A0,ES704A03,15860,32,9152,6708,73.3,12487,3373,21.27,2221,13096,543,368,125,50,14,82.57,3.42,21.11,4.15,16.96,24.45,409.02,9.21,23.02,38493.8,41.2,8.76,465,466,861,573,268,2633,5925,6208,3727,37.36,39.14,23.5
2002-01-01,MUNICIPIO,35016,ES705,ES705A1,ES705A10,370649,37.8,181581,189068,104.12,352001,18648,5.03,56559,266134,47956,29417,14158,4381,15.26,71.8,12.94,39.27,18.02,21.25,84.79,117.94,9.14,29.52,10331.6,3587.53,180.49,11007,10301,22174,17603,9506,70591,306968,37262,26419,82.82,10.05,7.13
2002-01-01,MUNICIPIO,35017,ES704,ES704A0,ES704A02,22652,32.8,11902,10750,90.32,21493,1159,5.12,4276,16855,1521,895,492,134,18.88,74.41,6.71,34.39,9.02,25.37,35.57,281.13,8.81,32.35,29077.1,77.9,3.99,749,838,1716,1274,656,5233,15530,5480,1642,68.56,24.19,7.25
2002-01-01,MUNICIPIO,35018,ES708,ES708A0,ES708A01,15910,32.5,8220,7690,93.55,13990,1920,12.07,3000,12032,878,539,244,95,18.86,75.63,5.52,32.23,7.3,24.93,29.27,341.69,10.82,27.79,4076.11,390.32,47.1,605,578,1251,763,391,3588,9024,4577,2309,56.72,28.77,14.51
2002-01-01,MUNICIPIO,35019,ES705,ES705A3,ES705A31,42403,35.8,22066,20337,92.16,33024,9379,22.12,6588,32549,3266,2200,829,237,15.54,76.76,7.7,30.27,10.03,20.24,49.57,201.71,7.26,25.38,33241.9,127.56,28.21,626,1212,3064,2204,1134,8240,26972,5116,10315,63.61,12.07,24.33
2002-01-01,MUNICIPIO,35030,ES704,ES704A0,ES704A03,11016,32.9,5887,5129,87.12,10050,966,8.77,2124,8043,849,535,232,82,19.28,73.01,7.71,36.96,10.56,26.41,39.97,250.18,9.66,27.33,27629.8,39.87,3.5,423,420,847,572,271,2533,7544,2363,1109,68.48,21.45,10.07
2002-01-01,MUNICIPIO,35031,ES705,ES705A2,ES705A21,8311,35,4261,4050,95.05,8091,220,2.65,1570,5923,818,512,241,65,18.89,71.27,9.84,40.32,13.81,26.51,52.1,191.93,7.95,29.46,3880.13,214.19,5.67,295,284,637,459,220,1895,7808,221,282,93.95,2.66,3.39
2002-01-01,MUNICIPIO,35032,ES705,ES705A2,ES705A21,4030,40.8,2097,1933,92.18,3991,39,0.97,537,2798,695,441,187,67,13.33,69.43,17.25,44.03,24.84,19.19,129.42,77.27,9.64,26.91,2212.89,182.11,1.76,94,83,215,184,93,669,3853,72,105,95.61,1.79,2.61
2002-01-01,MUNICIPIO,35033,ES705,ES705A2,ES705A21,7575,37.7,3963,3612,91.14,7499,76,1,1377,5142,1056,613,329,114,18.18,67.88,13.94,47.32,20.54,26.78,76.69,130.4,10.8,31.16,3821.39,198.23,1.99,213,225,719,307,139,1603,7299,151,125,96.36,1.99,1.65
2002-01-01,MUNICIPIO,35034,ES708,ES708A0,ES708A03,7320,34.3,4173,3147,75.41,5681,1639,22.39,921,5966,433,304,95,34,12.58,81.5,5.92,22.7,7.26,15.44,47.01,212.7,7.85,21.94,21209.4,34.51,7.73,177,179,348,272,113,1089,2793,2754,1773,38.16,37.62,24.22
2003-01-01,MUNICIPIO,35010,ES708,ES708A0,ES708A02,4741,39.8,2441,2300,94.22,4011,730,15.4,736,3261,744,440,206,98,15.52,68.78,15.69,45.38,22.82,22.57,101.09,98.92,13.17,27.69,14565.3,32.55,5.01,132,157,297,200,79,865,3511,454,776,74.06,9.58,16.37
2003-01-01,MUNICIPIO,35011,ES705,ES705A3,ES705A32,26433,34.8,13444,12989,96.62,25502,931,3.52,4753,19253,2427,1590,640,197,17.98,72.84,9.18,37.29,12.61,24.69,51.06,195.84,8.12,26.37,3908.81,676.24,23.82,892,856,1894,1480,728,5850,24540,767,1126,92.84,2.9,4.26
2003-01-01,MUNICIPIO,35012,ES705,ES705A3,ES705A31,15932,36.1,8498,7434,87.48,11096,4836,30.35,2666,11800,1466,981,370,115,16.73,74.06,9.2,35.02,12.42,22.59,54.99,181.86,7.84,25.24,17142,92.94,28.21,444,536,1117,771,368,3236,9426,1469,5037,59.16,9.22,31.62
2003-01-01,MUNICIPIO,35013,ES705,ES705A2,ES705A22,8307,41.2,4194,4113,98.07,8262,45,0.54,1009,5848,1450,886,414,150,12.15,70.4,17.46,42.05,24.79,17.25,143.71,69.59,10.34,28.55,3220.46,257.94,1.4,33,143,549,392,196,1313,8048,151,108,96.88,1.82,1.3
2003-01-01,MUNICIPIO,35014,ES704,ES704A0,ES704A02,14042,33.2,7548,6494,86.04,10408,3634,25.88,2395,10836,811,529,212,70,17.06,77.17,5.78,29.59,7.48,22.1,33.86,295.31,8.63,26.14,35533.4,39.52,10.23,505,454,950,617,317,2843,6458,3642,3942,45.99,25.94,28.07
2003-01-01,MUNICIPIO,35015,ES704,ES704A0,ES704A03,16279,32.6,9319,6960,74.69,11988,4291,26.36,2328,13325,626,436,144,46,14.3,81.85,3.85,22.17,4.7,17.47,26.89,371.88,7.35,23,38493.8,42.29,11.15,508,489,869,597,276,2739,6126,5511,4642,37.63,33.85,28.52
2003-01-01,MUNICIPIO,35016,ES705,ES705A1,ES705A10,377600,38,185188,192412,103.9,353722,23878,6.32,57325,270800,49475,30084,14792,4599,15.18,71.72,13.1,39.44,18.27,21.17,86.31,115.87,9.3,29.9,10331.6,3654.81,231.12,11412,10970,22234,17256,9371,71243,308499,37251,31850,81.7,9.87,8.43
2003-01-01,MUNICIPIO,35017,ES704,ES704A0,ES704A02,26093,32.6,13646,12447,91.21,23428,2665,10.21,4935,19565,1593,922,525,146,18.91,74.98,6.11,33.37,8.14,25.22,32.28,309.79,9.17,32.96,29077.1,89.74,9.17,892,1051,1928,1413,667,5951,16261,6586,3246,62.32,25.24,12.44
2003-01-01,MUNICIPIO,35018,ES708,ES708A0,ES708A01,16481,32.7,8533,7948,93.14,14005,2476,15.02,3153,12419,909,564,248,97,19.13,75.35,5.52,32.71,7.32,25.39,28.83,346.86,10.67,27.28,4076.11,404.33,60.74,703,607,1255,765,385,3715,9270,4361,2850,56.25,26.46,17.29
2003-01-01,MUNICIPIO,35019,ES705,ES705A3,ES705A31,45559,35.7,23724,21835,92.04,34145,11414,25.05,7403,34554,3602,2436,912,254,16.25,75.84,7.91,31.85,10.42,21.42,48.66,205.52,7.05,25.32,33241.9,137.05,34.34,1331,1259,3143,2275,1124,9132,28112,5027,12420,61.7,11.03,27.26
2003-01-01,MUNICIPIO,35030,ES704,ES704A0,ES704A03,11261,33.2,5998,5263,87.75,10085,1176,10.44,2188,8191,882,553,248,81,19.43,72.74,7.83,37.48,10.77,26.71,40.31,248.07,9.18,28.12,27629.8,40.76,4.26,417,455,831,603,261,2567,7700,2252,1309,68.38,20,11.62
2003-01-01,MUNICIPIO,35031,ES705,ES705A2,ES705A21,8381,35.4,4277,4104,95.96,8123,258,3.08,1553,5977,851,539,247,65,18.53,71.32,10.15,40.22,14.24,25.98,54.8,182.49,7.64,29.02,3880.13,216,6.65,311,271,620,465,211,1878,7820,236,325,93.31,2.82,3.88
2003-01-01,MUNICIPIO,35032,ES705,ES705A2,ES705A21,4045,41.1,2121,1924,90.71,3998,47,1.16,519,2814,712,448,193,71,12.83,69.57,17.6,43.75,25.3,18.44,137.19,72.89,9.97,27.11,2212.89,182.79,2.12,97,88,204,182,88,659,3860,71,114,95.43,1.76,2.82
2003-01-01,MUNICIPIO,35033,ES705,ES705A2,ES705A21,7610,37.9,3981,3629,91.16,7518,92,1.21,1373,5189,1048,602,333,113,18.04,68.19,13.77,46.66,20.2,26.46,76.33,131.01,10.78,31.77,3821.39,199.14,2.41,219,203,709,329,148,1608,7300,165,145,95.93,2.17,1.91
2003-01-01,MUNICIPIO,35034,ES708,ES708A0,ES708A03,7792,34.9,4426,3366,76.05,5602,2190,28.11,989,6301,502,348,120,34,12.69,80.86,6.44,23.66,7.97,15.7,50.76,197.01,6.77,23.9,21209.4,36.74,10.33,183,213,381,286,123,1186,2866,2609,2317,36.78,33.48,29.74
2004-01-01,MUNICIPIO,35010,ES708,ES708A0,ES708A02,4747,40,2447,2300,93.99,4128,619,13.04,727,3288,732,425,214,93,15.31,69.26,15.42,44.37,22.26,22.11,100.69,99.32,12.7,29.23,14565.3,32.59,4.25,139,147,304,188,85,863,3631,441,675,76.49,9.29,14.22
2004-01-01,MUNICIPIO,35011,ES705,ES705A3,ES705A32,26857,35.1,13647,13210,96.8,25821,1036,3.86,4725,19607,2525,1645,688,192,17.59,73.01,9.4,36.98,12.88,24.1,53.44,187.13,7.6,27.25,3908.81,687.09,26.5,870,884,1881,1495,725,5855,24810,803,1244,92.38,2.99,4.63
2004-01-01,MUNICIPIO,35012,ES705,ES705A3,ES705A31,15176,36.1,8109,7067,87.15,11060,4116,27.12,2563,11228,1385,918,361,106,16.89,73.99,9.13,35.16,12.34,22.83,54.04,185.05,7.65,26.06,17142,88.53,24.01,349,569,1091,734,374,3117,9435,1386,4355,62.17,9.13,28.7
2004-01-01,MUNICIPIO,35013,ES705,ES705A2,ES705A22,7825,41.8,3973,3852,96.95,7781,44,0.56,834,5621,1370,821,419,130,10.66,71.83,17.51,39.21,24.37,14.84,164.27,60.88,9.49,30.58,3220.46,242.98,1.37,49,98,449,330,181,1107,7560,140,125,96.61,1.79,1.6
2004-01-01,MUNICIPIO,35014,ES704,ES704A0,ES704A02,15583,33.2,8452,7131,84.37,11049,4534,29.1,2718,12006,859,552,226,81,17.44,77.05,5.51,29.79,7.15,22.64,31.6,316.41,9.43,26.31,35533.4,43.85,12.76,616,547,1043,685,308,3199,6932,3814,4837,44.48,24.48,31.04
2004-01-01,MUNICIPIO,35015,ES704,ES704A0,ES704A03,16821,33,9490,7331,77.25,12222,4599,27.34,2373,13782,666,462,156,48,14.11,81.93,3.96,22.05,4.83,17.22,28.07,356.31,7.21,23.42,38493.8,43.7,11.95,516,490,878,642,295,2821,6311,5558,4952,37.52,33.04,29.44
2004-01-01,MUNICIPIO,35016,ES705,ES705A1,ES705A10,376953,38.3,184619,192334,104.18,353314,23639,6.27,56694,270103,50156,30018,15435,4703,15.04,71.65,13.31,39.56,18.57,20.99,88.47,113.04,9.38,30.77,10331.6,3648.54,228.8,11223,11234,22107,16741,9204,70509,307906,36935,32112,81.68,9.8,8.52
2004-01-01,MUNICIPIO,35017,ES704,ES704A0,ES704A02,28357,32.9,14849,13508,90.97,24829,3528,12.44,5168,21511,1678,952,558,168,18.22,75.86,5.92,31.83,7.8,24.02,32.47,307.99,10.01,33.25,29077.1,97.52,12.13,826,1168,2064,1466,702,6226,16747,7396,4214,59.06,26.08,14.86
2004-01-01,MUNICIPIO,35018,ES708,ES708A0,ES708A01,16884,32.9,8689,8195,94.31,14344,2540,15.04,3240,12710,934,584,250,100,19.19,75.28,5.53,32.84,7.35,25.49,28.83,346.9,10.71,26.77,4076.11,414.22,62.31,760,630,1259,797,378,3824,9552,4371,2961,56.57,25.89,17.54
2004-01-01,MUNICIPIO,35019,ES705,ES705A3,ES705A31,44155,36,23091,21064,91.22,34317,9838,22.28,7076,33537,3542,2408,907,227,16.03,75.95,8.02,31.66,10.56,21.1,50.06,199.77,6.41,25.61,33241.9,132.83,29.6,1242,1189,2969,2215,1133,8748,28280,4903,10972,64.05,11.1,24.85
2004-01-01,MUNICIPIO,35030,ES704,ES704A0,ES704A03,11623,33.7,6173,5450,88.29,10238,1385,11.92,2178,8528,917,565,261,91,18.74,73.37,7.89,36.29,10.75,25.54,42.1,237.51,9.92,28.46,27629.8,42.07,5.01,379,473,881,619,255,2607,7811,2277,1535,67.2,19.59,13.21
2004-01-01,MUNICIPIO,35031,ES705,ES705A2,ES705A21,8498,35.7,4348,4150,95.45,8223,275,3.24,1561,6062,875,540,264,71,18.37,71.33,10.3,40.18,14.43,25.75,56.05,178.4,8.11,30.17,3880.13,219.01,7.09,298,280,620,469,216,1883,7902,254,342,92.99,2.99,4.02
2004-01-01,MUNICIPIO,35032,ES705,ES705A2,ES705A21,4082,41.7,2140,1942,90.75,4030,52,1.27,492,2845,745,450,221,74,12.05,69.7,18.25,43.48,26.19,17.29,151.42,66.04,9.93,29.66,2212.89,184.46,2.35,87,82,214,160,88,631,3898,70,114,95.49,1.71,2.79
2004-01-01,MUNICIPIO,35033,ES705,ES705A2,ES705A21,7617,38.5,3956,3661,92.54,7522,95,1.25,1349,5208,1060,611,338,111,17.71,68.37,13.92,46.26,20.35,25.9,78.58,127.26,10.47,31.89,3821.39,199.33,2.49,191,213,688,333,174,1599,7295,173,149,95.77,2.27,1.96
2004-01-01,MUNICIPIO,35034,ES708,ES708A0,ES708A03,8130,34.7,4584,3546,77.36,5862,2268,27.9,1032,6598,500,340,129,31,12.69,81.16,6.15,23.22,7.58,15.64,48.45,206.4,6.2,25.8,21209.4,38.33,10.69,191,225,399,287,147,1249,2947,2731,2452,36.25,33.59,30.16
2005-01-01,MUNICIPIO,35010,ES708,ES708A0,ES708A02,4894,40.3,2563,2331,90.95,4166,728,14.88,728,3413,753,435,226,92,14.88,69.74,15.39,43.39,22.06,21.33,103.43,96.68,12.22,30.01,14565.3,33.6,5,140,136,303,201,105,885,3668,436,790,74.95,8.91,16.14
2005-01-01,MUNICIPIO,35011,ES705,ES705A3,ES705A32,27308,35.5,13896,13412,96.52,26159,1149,4.21,4661,20060,2587,1649,741,197,17.07,73.46,9.47,36.13,12.9,23.24,55.5,180.17,7.61,28.64,3908.81,698.63,29.4,833,916,1870,1427,786,5832,25111,814,1383,91.95,2.98,5.06
2005-01-01,MUNICIPIO,35012,ES705,ES705A3,ES705A31,15953,36.7,8525,7428,87.13,11000,4953,31.05,2571,11878,1504,996,404,104,16.12,74.46,9.43,34.31,12.66,21.65,58.5,170.94,6.91,26.86,17142,93.06,28.89,297,611,1076,774,393,3151,9463,1297,5193,59.32,8.13,32.55
2005-01-01,MUNICIPIO,35013,ES705,ES705A2,ES705A22,7801,42.1,3944,3857,97.79,7761,40,0.51,811,5596,1394,826,443,125,10.4,71.73,17.87,39.4,24.91,14.49,171.89,58.18,8.97,31.78,3220.46,242.23,1.24,89,58,445,311,188,1091,7522,147,132,96.42,1.88,1.69
2005-01-01,MUNICIPIO,35014,ES704,ES704A0,ES704A02,17273,33.4,9419,7854,83.38,11532,5741,33.24,3008,13315,950,609,258,83,17.41,77.09,5.5,29.73,7.13,22.59,31.58,316.63,8.74,27.16,35533.4,48.61,16.16,642,671,1166,705,338,3522,7271,3991,6011,42.09,23.11,34.8
2005-01-01,MUNICIPIO,35015,ES704,ES704A0,ES704A03,18173,33.4,10211,7962,77.97,12395,5778,31.79,2614,14762,797,564,185,48,14.38,81.23,4.39,23.11,5.4,17.71,30.49,327.98,6.02,23.21,38493.8,47.21,15.01,608,538,975,643,321,3085,6710,5409,6054,36.92,29.76,33.31
2005-01-01,MUNICIPIO,35016,ES705,ES705A1,ES705A10,378628,38.8,185494,193134,104.12,351765,26863,7.09,55655,272081,50892,29708,16358,4826,14.7,71.86,13.44,39.16,18.7,20.46,91.44,109.36,9.48,32.14,10331.6,3664.76,260.01,10289,11654,21824,16069,9210,69046,306460,36641,35527,80.94,9.68,9.38
2005-01-01,MUNICIPIO,35017,ES704,ES704A0,ES704A02,30363,33.2,15961,14402,90.23,25829,4534,14.93,5320,23308,1735,952,592,191,17.52,76.76,5.71,30.27,7.44,22.82,32.61,306.63,11.01,34.12,29077.1,104.42,15.59,929,1118,2171,1534,763,6515,17312,7746,5305,57.02,25.51,17.47
2005-01-01,MUNICIPIO,35018,ES708,ES708A0,ES708A01,17452,33.4,9042,8410,93.01,14426,3026,17.34,3335,13132,985,611,267,107,19.11,75.25,5.64,32.9,7.5,25.4,29.54,338.58,10.86,27.11,4076.11,428.15,74.24,705,715,1250,857,399,3926,9737,4280,3435,55.79,24.52,19.68
2005-01-01,MUNICIPIO,35019,ES705,ES705A3,ES705A31,46428,36.5,24249,22179,91.46,34927,11501,24.77,7287,35212,3929,2659,1010,260,15.7,75.84,8.46,31.85,11.16,20.69,53.92,185.47,6.62,25.71,33241.9,139.67,34.6,1138,1546,2961,2229,1169,9043,28792,4927,12709,62.01,10.61,27.37
2005-01-01,MUNICIPIO,35030,ES704,ES704A0,ES704A03,12517,33.7,6671,5846,87.63,10563,1954,15.61,2358,9204,955,573,279,103,18.84,73.53,7.63,36,10.38,25.62,40.5,246.91,10.79,29.21,27629.8,45.3,7.07,448,504,942,616,293,2803,8068,2300,2149,64.46,18.38,17.17
2005-01-01,MUNICIPIO,35031,ES705,ES705A2,ES705A21,8659,36,4429,4230,95.51,8310,349,4.03,1559,6190,910,551,286,73,18,71.49,10.51,39.89,14.7,25.19,58.37,171.32,8.02,31.43,3880.13,223.16,8.99,291,312,610,479,217,1909,7980,263,416,92.16,3.04,4.8
2005-01-01,MUNICIPIO,35032,ES705,ES705A2,ES705A21,4055,42.4,2135,1920,89.93,3999,56,1.38,470,2827,758,455,227,76,11.59,69.72,18.69,43.44,26.81,16.63,161.28,62.01,10.03,29.95,2212.89,183.24,2.53,70,82,205,153,98,608,3869,71,115,95.41,1.75,2.84
2005-01-01,MUNICIPIO,35033,ES705,ES705A2,ES705A21,7721,38.8,4016,3705,92.26,7611,110,1.42,1370,5245,1106,638,348,120,17.74,67.93,14.32,47.21,21.09,26.12,80.73,123.87,10.85,31.46,3821.39,202.05,2.88,206,215,647,376,162,1606,7370,184,167,95.45,2.38,2.16
2005-01-01,MUNICIPIO,35034,ES708,ES708A0,ES708A03,8841,35.4,4952,3889,78.53,5958,2883,32.61,1066,7197,578,393,148,37,12.06,81.4,6.54,22.84,8.03,14.81,54.22,184.43,6.4,25.61,21209.4,41.68,13.59,156,241,444,308,167,1316,3008,2756,3077,34.02,31.17,34.8
2006-01-01,MUNICIPIO,35010,ES708,ES708A0,ES708A02,5004,40.8,2612,2392,91.58,4236,768,15.35,726,3496,782,463,225,94,14.51,69.86,15.63,43.14,22.37,20.77,107.71,92.84,12.02,28.77,14565.3,34.36,5.27,140,125,307,204,98,874,3705,464,835,74.04,9.27,16.69
2006-01-01,MUNICIPIO,35011,ES705,ES705A3,ES705A32,27934,35.6,14239,13695,96.18,26726,1208,4.32,4776,20525,2633,1618,814,201,17.1,73.48,9.43,36.1,12.83,23.27,55.13,181.39,7.63,30.92,3908.81,714.64,30.9,985,947,1794,1400,792,5918,25580,855,1499,91.57,3.06,5.37
2006-01-01,MUNICIPIO,35012,ES705,ES705A3,ES705A31,16569,37.3,8791,7778,88.48,11130,5439,32.83,2652,12274,1643,1076,453,114,16.01,74.08,9.92,34.99,13.39,21.61,61.95,161.41,6.94,27.57,17142,96.66,31.73,382,559,1104,788,383,3216,9623,1273,5673,58.08,7.68,34.24
2006-01-01,MUNICIPIO,35013,ES705,ES705A2,ES705A22,7808,42.2,3954,3854,97.47,7760,48,0.61,860,5544,1404,809,475,120,11.01,71,17.98,40.84,25.32,15.51,163.26,61.25,8.55,33.83,3220.46,242.45,1.49,168,67,401,299,185,1120,7518,157,133,96.29,2.01,1.7
2006-01-01,MUNICIPIO,35014,ES704,ES704A0,ES704A02,18884,34,10307,8577,83.22,12105,6779,35.9,3100,14710,1074,700,284,90,16.42,77.9,5.69,28.38,7.3,21.07,34.65,288.64,8.38,26.44,35533.4,53.14,19.08,653,696,1214,731,390,3684,7497,4279,7108,39.7,22.66,37.64
2006-01-01,MUNICIPIO,35015,ES704,ES704A0,ES704A03,18494,33.9,10284,8210,79.83,12321,6173,33.38,2538,15076,880,639,191,50,13.72,81.52,4.76,22.67,5.84,16.83,34.67,288.41,5.68,21.7,38493.8,48.04,16.04,550,584,939,644,303,3020,6803,5184,6507,36.78,28.03,35.18
2006-01-01,MUNICIPIO,35016,ES705,ES705A1,ES705A10,377056,39.1,184295,192761,104.59,351468,25588,6.79,55014,270237,51805,29932,16910,4963,14.59,71.67,13.74,39.53,19.17,20.36,94.17,106.19,9.58,32.64,10331.6,3649.54,247.67,10213,11561,21797,15450,8763,67784,305533,36423,35100,81.03,9.66,9.31
2006-01-01,MUNICIPIO,35017,ES704,ES704A0,ES704A02,30555,34,16080,14475,90.02,25947,4608,15.08,5081,23623,1851,1009,628,214,16.63,77.31,6.06,29.34,7.84,21.51,36.43,274.5,11.56,33.93,29077.1,105.08,15.85,676,1080,2236,1438,808,6238,17426,7651,5478,57.03,25.04,17.93
2006-01-01,MUNICIPIO,35018,ES708,ES708A0,ES708A01,17610,33.8,9141,8469,92.65,14607,3003,17.05,3324,13209,1077,686,282,109,18.88,75.01,6.12,33.32,8.15,25.16,32.4,308.64,10.12,26.18,4076.11,432.03,73.67,682,725,1264,867,399,3937,9948,4226,3436,56.49,24,19.51
2006-01-01,MUNICIPIO,35019,ES705,ES705A3,ES705A31,47922,37,25001,22921,91.68,35706,12216,25.49,7451,36165,4306,2912,1095,299,15.55,75.47,8.99,32.51,11.91,20.6,57.79,173.04,6.94,25.43,33241.9,144.16,36.75,1263,1583,2976,2161,1147,9130,29323,4996,13603,61.19,10.43,28.39
2006-01-01,MUNICIPIO,35030,ES704,ES704A0,ES704A03,12836,34.1,6811,6025,88.46,10755,2081,16.21,2408,9409,1019,601,306,112,18.76,73.3,7.94,36.42,10.83,25.59,42.32,236.31,10.99,30.03,27629.8,46.46,7.53,484,493,966,638,324,2905,8300,2229,2307,64.66,17.37,17.97
2006-01-01,MUNICIPIO,35031,ES705,ES705A2,ES705A21,8583,36.5,4382,4201,95.87,8238,345,4.02,1502,6167,914,543,297,74,17.5,71.85,10.65,39.18,14.82,24.36,60.85,164.33,8.1,32.49,3880.13,221.2,8.89,285,312,581,433,234,1845,7913,266,404,92.19,3.1,4.71
2006-01-01,MUNICIPIO,35032,ES705,ES705A2,ES705A21,4050,42.8,2128,1922,90.32,4009,41,1.01,461,2807,782,454,252,76,11.38,69.31,19.31,44.28,27.86,16.42,169.63,58.95,9.72,32.23,2212.89,183.02,1.85,81,82,181,156,86,586,3872,77,101,95.6,1.9,2.49
2006-01-01,MUNICIPIO,35033,ES705,ES705A2,ES705A21,7661,39.4,3979,3682,92.54,7566,95,1.24,1250,5293,1118,638,352,128,16.32,69.09,14.59,44.74,21.12,23.62,89.44,111.81,11.45,31.48,3821.39,200.48,2.49,187,220,516,427,152,1502,7304,196,161,95.34,2.56,2.1
2006-01-01,MUNICIPIO,35034,ES708,ES708A0,ES708A03,9664,35.9,5386,4278,79.43,6327,3337,34.53,1152,7852,660,458,163,39,11.92,81.25,6.83,23.08,8.41,14.67,57.29,174.55,5.91,24.7,21209.4,45.56,15.73,155,248,506,318,165,1392,3164,2955,3545,32.74,30.58,36.68
2007-01-01,MUNICIPIO,35010,ES708,ES708A0,ES708A02,5049,41.2,2635,2414,91.61,4240,809,16.02,731,3512,806,470,246,90,14.48,69.56,15.96,43.76,22.95,20.81,110.26,90.69,11.17,30.52,14565.3,34.66,5.55,142,133,292,208,100,875,3708,466,875,73.44,9.23,17.33
2007-01-01,MUNICIPIO,35011,ES705,ES705A3,ES705A32,28132,36,14317,13815,96.49,27025,1107,3.94,4695,20758,2679,1611,848,220,16.69,73.79,9.52,35.52,12.91,22.62,57.06,175.25,8.21,31.65,3908.81,719.71,28.32,938,938,1868,1327,732,5803,25789,890,1453,91.67,3.16,5.16
2007-01-01,MUNICIPIO,35012,ES705,ES705A3,ES705A31,18547,37.4,9778,8769,89.68,11708,6839,36.87,3103,13519,1925,1294,520,111,16.73,72.89,10.38,37.19,14.24,22.95,62.04,161.19,5.77,27.01,17142,108.2,39.9,628,606,1207,876,395,3712,10207,1315,7025,55.03,7.09,37.88
2007-01-01,MUNICIPIO,35013,ES705,ES705A2,ES705A22,7974,41.9,4036,3938,97.57,7914,60,0.75,963,5587,1424,805,498,121,12.08,70.07,17.86,42.72,25.49,17.24,147.87,67.63,8.5,34.97,3220.46,247.6,1.86,219,133,370,314,168,1204,7657,166,151,96.02,2.08,1.89
2007-01-01,MUNICIPIO,35014,ES704,ES704A0,ES704A02,20084,34.4,10941,9143,83.57,12542,7542,37.55,3298,15633,1153,761,303,89,16.42,77.84,5.74,28.47,7.38,21.1,34.96,286.04,7.72,26.28,35533.4,56.52,21.23,718,730,1281,756,393,3878,7803,4429,7852,38.85,22.05,39.1
2007-01-01,MUNICIPIO,35015,ES704,ES704A0,ES704A03,19424,34.2,10765,8659,80.44,12294,7130,36.71,2694,15716,1014,761,201,52,13.87,80.91,5.22,23.59,6.45,17.14,37.64,265.68,5.13,19.82,38493.8,50.46,18.52,646,579,996,650,356,3227,7068,4927,7429,36.39,25.37,38.25